{
  "r1": {
    "metrics": {
      "Einsteiger": {
        "n": 6,
        "MSE": 15076.659645929096,
        "MAE": 100.50048165736075,
        "MPE_%": -1.8984349383397314,
        "WAPE_%": 10.921986776746323,
        "WMAPE_%": 10.921986776746323,
        "R2": 0.9936274455507619,
        "slope": 1.0042265170276192,
        "intercept": -2.5338470959719253
      },
      "Aussteiger": {
        "n": 7,
        "MSE": 22171.427658944485,
        "MAE": 122.96197757377217,
        "MPE_%": -1.0595548157465826,
        "WAPE_%": 15.641174686832732,
        "WMAPE_%": 15.641174686832732,
        "R2": 0.9728888459285259,
        "slope": 0.9624112533924412,
        "intercept": 33.283198644944704
      }
    },
    "geojson": {
      "Linie": {
        "0": "RE5",
        "1": "RE5",
        "2": "RE5",
        "3": "RE5",
        "4": "RE5",
        "5": "RE5",
        "6": "RE5"
      },
      "Haltestelle": {
        "0": "Bern",
        "1": "Jegenstorf",
        "2": "B\u00e4tterkinden",
        "3": "Lohn",
        "4": "Biberist",
        "5": "Fraubrunnen",
        "6": "Solothurn"
      },
      "matched_stop": {
        "0": "Bern",
        "1": "Jegenstorf",
        "2": "B\u00e4tterkinden",
        "3": "Lohn-L\u00fcterkofen",
        "4": "Biberist RBS",
        "5": "Fraubrunnen",
        "6": "Solothurn"
      },
      "match_score": {
        "0": 100,
        "1": 100,
        "2": 100,
        "3": 90,
        "4": 90,
        "5": 100,
        "6": 100
      },
      "Einsteiger FADA": {
        "0": 4354.0,
        "1": 363.0,
        "2": 288.0,
        "3": 222.0,
        "4": 221.0,
        "5": 73.0,
        "6": null
      },
      "Einsteiger_model": {
        "0": 4363.1846618008,
        "1": 565.998442844,
        "2": 347.788738911,
        "3": 84.0035578281,
        "4": 61.5607561666,
        "5": 106.5953603831,
        "6": 0.0
      },
      "Aussteiger FADA": {
        "0": 0.0,
        "1": 918.0,
        "2": 549.0,
        "3": 284.0,
        "4": 380.0,
        "5": 462.0,
        "6": 2910.0
      },
      "Aussteiger_model": {
        "0": 0.0,
        "1": 1208.3440511634,
        "2": 448.6727004009,
        "3": 161.2418540581,
        "4": 533.0886293115,
        "5": 406.5406428967,
        "6": 2771.2436401026
      },
      "E_error": {
        "0": 9.1846618008,
        "1": 202.998442844,
        "2": 59.788738911,
        "3": -137.9964421719,
        "4": -159.4392438334,
        "5": 33.5953603831,
        "6": null
      },
      "E_abs_error": {
        "0": 9.1846618008,
        "1": 202.998442844,
        "2": 59.788738911,
        "3": 137.9964421719,
        "4": 159.4392438334,
        "5": 33.5953603831,
        "6": null
      },
      "A_error": {
        "0": 0.0,
        "1": 290.3440511634,
        "2": -100.3272995991,
        "3": -122.7581459419,
        "4": 153.0886293115,
        "5": -55.4593571033,
        "6": -138.7563598974
      },
      "A_abs_error": {
        "0": 0.0,
        "1": 290.3440511634,
        "2": 100.3272995991,
        "3": 122.7581459419,
        "4": 153.0886293115,
        "5": 55.4593571033,
        "6": 138.7563598974
      },
      "Einsteiger_n": {
        "0": 6,
        "1": 6,
        "2": 6,
        "3": 6,
        "4": 6,
        "5": 6,
        "6": 6
      },
      "Einsteiger_MSE": {
        "0": 15076.6596459291,
        "1": 15076.6596459291,
        "2": 15076.6596459291,
        "3": 15076.6596459291,
        "4": 15076.6596459291,
        "5": 15076.6596459291,
        "6": 15076.6596459291
      },
      "Einsteiger_MAE": {
        "0": 100.5004816574,
        "1": 100.5004816574,
        "2": 100.5004816574,
        "3": 100.5004816574,
        "4": 100.5004816574,
        "5": 100.5004816574,
        "6": 100.5004816574
      },
      "Einsteiger_MPE_%": {
        "0": -1.8984349383,
        "1": -1.8984349383,
        "2": -1.8984349383,
        "3": -1.8984349383,
        "4": -1.8984349383,
        "5": -1.8984349383,
        "6": -1.8984349383
      },
      "Einsteiger_WAPE_%": {
        "0": 10.9219867767,
        "1": 10.9219867767,
        "2": 10.9219867767,
        "3": 10.9219867767,
        "4": 10.9219867767,
        "5": 10.9219867767,
        "6": 10.9219867767
      },
      "Einsteiger_WMAPE_%": {
        "0": 10.9219867767,
        "1": 10.9219867767,
        "2": 10.9219867767,
        "3": 10.9219867767,
        "4": 10.9219867767,
        "5": 10.9219867767,
        "6": 10.9219867767
      },
      "Einsteiger_R2": {
        "0": 0.9936274456,
        "1": 0.9936274456,
        "2": 0.9936274456,
        "3": 0.9936274456,
        "4": 0.9936274456,
        "5": 0.9936274456,
        "6": 0.9936274456
      },
      "Einsteiger_slope": {
        "0": 1.004226517,
        "1": 1.004226517,
        "2": 1.004226517,
        "3": 1.004226517,
        "4": 1.004226517,
        "5": 1.004226517,
        "6": 1.004226517
      },
      "Einsteiger_intercept": {
        "0": -2.533847096,
        "1": -2.533847096,
        "2": -2.533847096,
        "3": -2.533847096,
        "4": -2.533847096,
        "5": -2.533847096,
        "6": -2.533847096
      },
      "Aussteiger_n": {
        "0": 7,
        "1": 7,
        "2": 7,
        "3": 7,
        "4": 7,
        "5": 7,
        "6": 7
      },
      "Aussteiger_MSE": {
        "0": 22171.4276589445,
        "1": 22171.4276589445,
        "2": 22171.4276589445,
        "3": 22171.4276589445,
        "4": 22171.4276589445,
        "5": 22171.4276589445,
        "6": 22171.4276589445
      },
      "Aussteiger_MAE": {
        "0": 122.9619775738,
        "1": 122.9619775738,
        "2": 122.9619775738,
        "3": 122.9619775738,
        "4": 122.9619775738,
        "5": 122.9619775738,
        "6": 122.9619775738
      },
      "Aussteiger_MPE_%": {
        "0": -1.0595548157,
        "1": -1.0595548157,
        "2": -1.0595548157,
        "3": -1.0595548157,
        "4": -1.0595548157,
        "5": -1.0595548157,
        "6": -1.0595548157
      },
      "Aussteiger_WAPE_%": {
        "0": 15.6411746868,
        "1": 15.6411746868,
        "2": 15.6411746868,
        "3": 15.6411746868,
        "4": 15.6411746868,
        "5": 15.6411746868,
        "6": 15.6411746868
      },
      "Aussteiger_WMAPE_%": {
        "0": 15.6411746868,
        "1": 15.6411746868,
        "2": 15.6411746868,
        "3": 15.6411746868,
        "4": 15.6411746868,
        "5": 15.6411746868,
        "6": 15.6411746868
      },
      "Aussteiger_R2": {
        "0": 0.9728888459,
        "1": 0.9728888459,
        "2": 0.9728888459,
        "3": 0.9728888459,
        "4": 0.9728888459,
        "5": 0.9728888459,
        "6": 0.9728888459
      },
      "Aussteiger_slope": {
        "0": 0.9624112534,
        "1": 0.9624112534,
        "2": 0.9624112534,
        "3": 0.9624112534,
        "4": 0.9624112534,
        "5": 0.9624112534,
        "6": 0.9624112534
      },
      "Aussteiger_intercept": {
        "0": 33.2831986449,
        "1": 33.2831986449,
        "2": 33.2831986449,
        "3": 33.2831986449,
        "4": 33.2831986449,
        "5": 33.2831986449,
        "6": 33.2831986449
      },
      "E_sMAPE_%": {
        "0": 0.1053627078,
        "1": 21.8513221855,
        "2": 9.4038688092,
        "3": 45.0963521965,
        "4": 56.42653495,
        "5": 18.7061404657,
        "6": null
      },
      "A_sMAPE_%": {
        "0": 0.0,
        "1": 13.6546129966,
        "2": 10.0561335956,
        "3": 27.5711155236,
        "4": 16.7660207779,
        "5": 6.3853496733,
        "6": 2.4423589039
      }
    }
  },
  "r2": {
    "metrics": {
      "Einsteiger": {
        "n": 7,
        "MSE": 28293.86403380242,
        "MAE": 132.64721164294437,
        "MPE_%": -2.5602395195164314,
        "WAPE_%": 17.984320772818332,
        "WMAPE_%": 17.984320772818332,
        "R2": 0.9671494105975825,
        "slope": 1.0821714165467977,